<GhostDoc>
<IgnoreFilePatterns>
  <IgnoreFilePattern>*.min.js</IgnoreFilePattern>
  <IgnoreFilePattern>jquery*.js</IgnoreFilePattern>
</IgnoreFilePatterns>
  <SpellChecker>
    <IncludeExtensions>
    </IncludeExtensions>
    <IgnoreExtensions>
    </IgnoreExtensions>
    <IgnoreFiles>
    </IgnoreFiles>
  </SpellChecker>
<HelpConfigurations selected="Custom Configuration">
  <HelpConfiguration name="HelpFile">
    <OutputPath>.\Help</OutputPath>
    <CleanupOutputPath>true</CleanupOutputPath>
    <HelpFileName>RM.Core</HelpFileName>
    <HelpFileNamingMethod>MemberName</HelpFileNamingMethod>
    <ImageFolderPath />
    <Theme>FlatGray</Theme>
    <HtmlFormats>
      <HtmlHelp>true</HtmlHelp>
      <MSHelpViewer>false</MSHelpViewer>
      <MSHelp2>false</MSHelp2>
      <Website>true</Website>
    </HtmlFormats>
    <IncludeScopes>
      <Public>true</Public>
      <Internal>true</Internal>
      <Protected>true</Protected>
      <Private>true</Private>
      <Inherited>true</Inherited>
      <InheritedFromReferences>true</InheritedFromReferences>
      <EnableTags>false</EnableTags>
      <TagList />
      <AutoGeneratedDocs>Include</AutoGeneratedDocs>
      <DocsThatRequireEditing>Include</DocsThatRequireEditing>
    </IncludeScopes>
    <SyntaxLanguages>
      <CSharp>true</CSharp>
      <VisualBasic>true</VisualBasic>
      <CPlusPlus>true</CPlusPlus>
    </SyntaxLanguages>
    <ResolveCrefLinks>true</ResolveCrefLinks>
    <HeaderText>RM.Core</HeaderText>
    <FooterText>RM.Core</FooterText>
    <SelectedProjects>
      <SelectedProject>RM.Common</SelectedProject>
      <SelectedProject>RM.Core.Business</SelectedProject>
      <SelectedProject>RM.Core.Business.Entities</SelectedProject>
      <SelectedProject>RM.Core.Client</SelectedProject>
      <SelectedProject>RM.Core.Data</SelectedProject>
      <SelectedProject>RM.Core.Data.Entities</SelectedProject>
      <SelectedProject>RM.Core.Service</SelectedProject>
      <SelectedProject>RM.Core.Web.Entities</SelectedProject>
    </SelectedProjects>
  </HelpConfiguration>
  <HelpConfiguration name="Custom Configuration">
    <OutputPath>..\..\..\Documentation\Help</OutputPath>
    <CleanupOutputPath>true</CleanupOutputPath>
    <HelpFileName />
    <HelpFileNamingMethod>MemberName</HelpFileNamingMethod>
    <ImageFolderPath />
    <Theme>FlatGray</Theme>
    <HtmlFormats>
      <HtmlHelp>true</HtmlHelp>
      <MSHelpViewer>false</MSHelpViewer>
      <MSHelp2>false</MSHelp2>
      <Website>true</Website>
    </HtmlFormats>
    <IncludeScopes>
      <Public>true</Public>
      <Internal>true</Internal>
      <Protected>true</Protected>
      <Private>true</Private>
      <Inherited>true</Inherited>
      <InheritedFromReferences>true</InheritedFromReferences>
      <EnableTags>false</EnableTags>
      <TagList />
      <AutoGeneratedDocs>Include</AutoGeneratedDocs>
      <DocsThatRequireEditing>Include</DocsThatRequireEditing>
    </IncludeScopes>
    <SyntaxLanguages>
      <CSharp>true</CSharp>
      <VisualBasic>true</VisualBasic>
      <CPlusPlus>true</CPlusPlus>
    </SyntaxLanguages>
    <ResolveCrefLinks>true</ResolveCrefLinks>
    <HeaderText>RM.Core</HeaderText>
    <FooterText>RM.Core</FooterText>
    <SelectedProjects>
      <SelectedProject>RM.Common</SelectedProject>
      <SelectedProject>RM.Core.Business</SelectedProject>
      <SelectedProject>RM.Core.Business.Entities</SelectedProject>
      <SelectedProject>RM.Core.Client</SelectedProject>
      <SelectedProject>RM.Core.Data</SelectedProject>
      <SelectedProject>RM.Core.Data.Entities</SelectedProject>
      <SelectedProject>RM.Core.Service</SelectedProject>
      <SelectedProject>RM.Core.Web.Entities</SelectedProject>
    </SelectedProjects>
  </HelpConfiguration>
</HelpConfigurations>
<GeneralProperties>
</GeneralProperties>
</GhostDoc>
